[
  {
    "action_type": "Set Variable",
    "parameters": {
      "variables": [
        {
          "name": "GOLOGIN_KEY",
          "value": "eyJhbGciOiJIUzI1NiIsInR5cCI6IkpXVCJ9.eyJzdWIiOiI2MjAzN2UwNTRjOGVhMTY1YWI5MDZhMWEiLCJ0eXBlIjoiZGV2Iiwiand0aWQiOiI2OGU3MzIxNmZiZjgwMzg3ZjQyMjBiNzAifQ.dXc1-_Pq8zjTkXKRTlHOVXkj_ccCtVUjM9bBohbkGt4",
          "file_path": ""
        },
        {
          "name": "PROFILE_1_NAME",
          "value": "F1",
          "file_path": ""
        },
        {
          "name": "PROFILE_2_NAME",
          "value": "F2",
          "file_path": ""
        },
        {
          "name": "MODE_PROXY",
          "value": "http",
          "file_path": ""
        }
      ],
      "note": ""
    },
    "is_disabled": false
  },
  {
    "action_type": "GoLogin Create Profile",
    "parameters": {
      "variable": "PROFILE_1_ID;PROFILE_2_ID",
      "random_time": "0",
      "repeat_fixed": "0",
      "repeat_random": "0",
      "random_skip": "0",
      "program": "",
      "note": "",
      "break_conditions": [],
      "api_key_variable": "GOLOGIN_KEY",
      "profile_names": "<PROFILE_1_NAME>;<PROFILE_2_NAME>",
      "how_to_get": "Sequential by loop",
      "os": "win",
      "language": "en-US",
      "enable_proxy": false,
      "country_code": "US"
    },
    "is_disabled": true
  },
  {
    "action_type": "GoLogin Start Profile",
    "parameters": {
      "variable": "",
      "random_time": "0",
      "repeat_fixed": "0",
      "repeat_random": "0",
      "random_skip": "0",
      "program": "",
      "program_variable": "",
      "window_title": "",
      "window_title_variable": "",
      "note": "",
      "break_conditions": [],
      "api_key_variable": "GOLOGIN_KEY",
      "profile_ids": "68e73b76cb3cb8de569a3d3f;68e8c43cadd3d0bf3a51c9e9;68ea1143dbc24c0b97f3a1c5",
      "how_to_get": "Sequential by loop",
      "refresh_fingerprint": true,
      "delete_cookies": false,
      "cookies_folder": "",
      "cookies_folder_variable": ""
    },
    "is_disabled": true
  },
  {
    "action_type": "Get New Proxy",
    "parameters": {
      "provider": "TMPROXY",
      "api_token": "2b6e3b2de3089aa8e70c97dd5adf2617",
      "variable": "HOST;PORT;USN;PASS",
      "random_time": "0",
      "repeat_fixed": "0",
      "repeat_random": "0",
      "random_skip": "0",
      "program": "",
      "program_variable": "",
      "window_title": "",
      "window_title_variable": "",
      "note": "",
      "break_conditions": [],
      "extra_params": ""
    },
    "is_disabled": true
  },
  {
    "action_type": "GoLogin Selenium Collect Profiles",
    "parameters": {
      "variable": "",
      "random_time": "0",
      "repeat_fixed": "0",
      "repeat_random": "0",
      "random_skip": "0",
      "program": "C:/Users/TUANKAKA/AppData/Local/Programs/GoLogin/GoLogin.exe",
      "program_variable": "",
      "window_title": "",
      "window_title_variable": "",
      "note": "",
      "break_conditions": [],
      "api_key_variable": "GOLOGIN_KEY",
      "profile_ids": "68f09bcc7af729bd30ac1674;68f09c197af729bd30ac1847",
      "how_to_get": "Sequential by loop",
      "profile_count": "",
      "profile_start_index": "",
      "refresh_fingerprint": true,
      "websites_file": "C:/tomsamautobot/list_websites.txt",
      "websites_variable": "",
      "how_to_get_websites": "Random",
      "duration_minutes": "5",
      "headless": false,
      "enable_threading": true,
      "max_workers": "1",
      "keywords_file": "C:/tomsamautobot/list_keyword_gg.txt",
      "keywords_variable": "",
      "proxy_mode_variable": "",
      "proxy_host_variable": "",
      "proxy_port_variable": "",
      "proxy_username_variable": "",
      "proxy_password_variable": ""
    },
    "is_disabled": true
  },
  {
    "action_type": "GoLogin Selenium Start Profile",
    "parameters": {
      "variable": "",
      "random_time": "0",
      "repeat_fixed": "0",
      "repeat_random": "0",
      "random_skip": "0",
      "program": "C:/Users/TUANKAKA/AppData/Local/Programs/GoLogin/GoLogin.exe",
      "program_variable": "",
      "window_title": "",
      "window_title_variable": "",
      "note": "",
      "break_conditions": [],
      "api_key_variable": "GOLOGIN_KEY",
      "profile_ids": "68f096ff7af729bd30abe2d6;68f09c171a96ab3ba8a0abad;68f09bcc7af729bd30ac1674;68f09c197af729bd30ac1847",
      "how_to_get": "Random",
      "refresh_fingerprint": false,
      "proxy_mode_variable": "",
      "proxy_host_variable": "",
      "proxy_port_variable": "",
      "proxy_username_variable": "",
      "proxy_password_variable": "",
      "profile_count": "",
      "profile_start_index": "0",
      "action_type": "Youtube",
      "keywords_file": "C:/tomsamautobot/list_keyword_gg.txt",
      "keywords_variable": "",
      "enable_threading": true,
      "max_workers": "3"
    },
    "is_disabled": true
  },
  {
    "action_type": "GoLogin Selenium Start Profile",
    "parameters": {
      "variable": "",
      "random_time": "0",
      "repeat_fixed": "0",
      "repeat_random": "0",
      "random_skip": "0",
      "program": "C:/Users/TUANKAKA/AppData/Local/Programs/GoLogin/GoLogin.exe",
      "program_variable": "",
      "window_title": "",
      "window_title_variable": "",
      "note": "",
      "break_conditions": [],
      "api_key_variable": "GOLOGIN_KEY",
      "profile_ids": "68f09c261a96ab3ba8a0abd1;68f09c241a96ab3ba8a0abc8;68f09bc81a96ab3ba8a0a830;68f09bc67af729bd30ac1662",
      "how_to_get": "Random",
      "refresh_fingerprint": false,
      "proxy_mode_variable": "",
      "proxy_host_variable": "",
      "proxy_port_variable": "",
      "proxy_username_variable": "",
      "proxy_password_variable": "",
      "profile_count": "",
      "profile_start_index": "0",
      "action_type": "Youtube",
      "keywords_file": "C:/tomsamautobot/list_keyword_yt.txt",
      "keywords_variable": "",
      "keywords_google_file": "C:/tomsamautobot/list_keyword_gg.txt",
      "keywords_google_variable": "",
      "keywords_suffix_prefix": "Tomsamfamily;Tom Sam family; Lan Mi Family;Lanmifamily;Koolorlifestyles;Koolor life styles",
      "enable_threading": true,
      "max_workers": "2",
      "youtube_main_area_x": "0",
      "youtube_main_area_y": "0",
      "youtube_main_area_width": "1920",
      "youtube_main_area_height": "1080",
      "youtube_image_search_path": "",
      "youtube_sidebar_area_x": "0",
      "youtube_sidebar_area_y": "0",
      "youtube_sidebar_area_width": "400",
      "youtube_sidebar_area_height": "1080",
      "youtube_sidebar_image_search_path": ""
    },
    "is_disabled": true
  },
  {
    "action_type": "Keyboard",
    "parameters": {
      "variable": "",
      "random_time": "30",
      "repeat_fixed": "5",
      "repeat_random": "0",
      "random_skip": "0",
      "program": "",
      "program_variable": "",
      "window_title": "",
      "window_title_variable": "",
      "note": "",
      "break_conditions": [],
      "key_sequence": "Space"
    },
    "is_disabled": true
  },
  {
    "action_type": "GoLogin Clone Profile",
    "parameters": {
      "api_key": "GOLOGIN_KEY",
      "profile_id": "68f07bc77af729bd30aa79ec",
      "prefix_name": "YUTU_",
      "base_index": 17,
      "variable": "",
      "random_time": "0",
      "repeat_fixed": "5",
      "repeat_random": "0",
      "random_skip": "0",
      "program": "",
      "program_variable": "",
      "window_title": "",
      "window_title_variable": "",
      "note": "",
      "break_conditions": [],
      "api_key_variable": "GOLOGIN_KEY"
    },
    "is_disabled": true
  },
  {
    "action_type": "GoLogin AUTO",
    "parameters": {
      "variable": "",
      "random_time": "0",
      "repeat_fixed": "0",
      "repeat_random": "0",
      "random_skip": "0",
      "program": "C:/Users/TUANKAKA/AppData/Local/Programs/GoLogin/GoLogin.exe",
      "program_variable": "",
      "window_title": "",
      "window_title_variable": "",
      "note": "",
      "break_conditions": [],
      "api_key_variable": "GOLOGIN_KEY",
      "profile_ids": "68f09c261a96ab3ba8a0abd1;68f09c241a96ab3ba8a0abc8;68f09bc81a96ab3ba8a0a830;68f09bc67af729bd30ac1662;68f09c241a96ab3ba8a0abc8;68f09c221a96ab3ba8a0abbf;68f09c207af729bd30ac1862;68f09c197af729bd30ac1847",
      "how_to_get": "Random",
      "refresh_fingerprint": true,
      "proxy_file": "C:/tomsamautobot/list_proxy.txt",
      "profile_count": "50",
      "profile_start_index": "0",
      "action_type": "Youtube",
      "keywords_file": "C:/tomsamautobot/list_keyword_yt.txt",
      "keywords_variable": "",
      "keywords_google_file": "",
      "keywords_google_variable": "",
      "keywords_suffix_prefix": "",
      "enable_threading": true,
      "max_workers": "3",
      "youtube_main_area_x": "947",
      "youtube_main_area_y": "131",
      "youtube_main_area_width": "107",
      "youtube_main_area_height": "906",
      "youtube_image_search_path": "C:/tomsamautobot/logo.jpg",
      "youtube_search_icon_path": "C:/tomsamautobot/icon_search.png",
      "youtube_sidebar_area_x": "1429",
      "youtube_sidebar_area_y": "268",
      "youtube_sidebar_area_width": "366",
      "youtube_sidebar_area_height": "748",
      "youtube_sidebar_image_search_path": "",
      "youtube_ads_area_x": "94",
      "youtube_ads_area_y": "728",
      "youtube_ads_area_width": "263",
      "youtube_ads_area_height": "46",
      "youtube_skip_ads_area_x": "1340",
      "youtube_skip_ads_area_y": "788",
      "youtube_skip_ads_area_width": "69",
      "youtube_skip_ads_area_height": "22"
    },
    "is_disabled": true
  },
  {
    "action_type": "For loop",
    "parameters": {
      "repeat_loop": 50,
      "random_repeat_loop": 0,
      "break_conditions": []
    },
    "is_disabled": false
  },
  {
    "action_type": "GoLogin AUTO",
    "parameters": {
      "variable": "",
      "random_time": "0",
      "repeat_fixed": "0",
      "repeat_random": "0",
      "random_skip": "0",
      "program": "C:/Users/TUANKAKA/AppData/Local/Programs/GoLogin/GoLogin.exe",
      "program_variable": "",
      "window_title": "",
      "window_title_variable": "",
      "note": "TOMSAMFAMILY",
      "break_conditions": [],
      "api_key_variable": "GOLOGIN_KEY",
      "profile_ids": "68f09c261a96ab3ba8a0abd1;68f09c241a96ab3ba8a0abc8;68f09bc81a96ab3ba8a0a830;68f09bc67af729bd30ac1662;68f09c241a96ab3ba8a0abc8;68f09c221a96ab3ba8a0abbf;68f09c207af729bd30ac1862;68f09c197af729bd30ac1847",
      "profile_count": "100",
      "profile_start_index": "0",
      "how_to_get": "Random",
      "action_type": "Youtube",
      "keywords_google_file": "C:/tomsamautobot/list_keyword_gg.txt",
      "keywords_google_variable": "",
      "warmup_websites_file": "C:/tomsamautobot/list_url_warmup.txt",
      "refresh_fingerprint": true,
      "remove_proxy": false,
      "proxy_file": "C:/tomsamautobot/list_proxy.txt",
      "enable_threading": true,
      "max_workers": "3",
      "browse_youtube": false,
      "youtube_main_area_x": "77",
      "youtube_main_area_y": "98",
      "youtube_main_area_width": "1593",
      "youtube_main_area_height": "938",
      "youtube_search_area_x": "300",
      "youtube_search_area_y": "179",
      "youtube_search_area_width": "1200",
      "youtube_search_area_height": "859",
      "youtube_search_icon_path": "C:/tomsamautobot/icon_search.png",
      "reload_browser_icon_path": "C:/tomsamautobot/icon_reload.jpg",
      "reload_browser_area_x": "57",
      "reload_browser_area_y": "44",
      "reload_browser_area_width": "141",
      "reload_browser_area_height": "81",
      "youtube_videos_menu_channel_path": "C:/tomsamautobot/menu_videos.jpg",
      "youtube_sidebar_area_x": "1561",
      "youtube_sidebar_area_y": "199",
      "youtube_sidebar_area_width": "149",
      "youtube_sidebar_area_height": "836",
      "youtube_ads_area_x": "94",
      "youtube_ads_area_y": "728",
      "youtube_ads_area_width": "263",
      "youtube_ads_area_height": "46",
      "youtube_skip_ads_area_x": "1320",
      "youtube_skip_ads_area_y": "805",
      "youtube_skip_ads_area_width": "50",
      "youtube_skip_ads_area_height": "22",
      "youtube_channels": [
        {
          "channel_id": "ch_1",
          "channel_index": 1,
          "enabled": true,
          "logo_path": "C:/tomsamautobot/logo_tomsam_channel.jpg",
          "logo_home_path": "C:/tomsamautobot/logo_tomsam_home.jpg",
          "main_image_search_path": "C:/tomsamautobot/logo_tomsam_search.jpg",
          "sidebar_image_search_path": "C:/tomsamautobot/logo_sidebar.jpg",
          "suffix_prefix": "tom sam family;tomsam;tomsamfamily",
          "keywords_file_path": "C:/tomsamautobot/list_keyword_tomsam.txt"
        },
        {
          "channel_id": "ch_2",
          "channel_index": 2,
          "enabled": true,
          "logo_path": "C:/tomsamautobot/logo_koolors_channel.jpg",
          "logo_home_path": "C:/tomsamautobot/logo_koolors_home.jpg",
          "main_image_search_path": "C:/tomsamautobot/logo_koolors_search.jpg",
          "sidebar_image_search_path": "C:/tomsamautobot/logo_koolors_sidebar.jpg",
          "suffix_prefix": "koolors life",
          "keywords_file_path": "C:/tomsamautobot/list_keyword_koolors.txt"
        }
      ]
    },
    "is_disabled": true
  },
  {
    "action_type": "GoLogin AUTO",
    "parameters": {
      "variable": "",
      "random_time": "0",
      "repeat_fixed": "0",
      "repeat_random": "0",
      "random_skip": "0",
      "program": "C:/Users/TUANKAKA/AppData/Local/Programs/GoLogin/GoLogin.exe",
      "program_variable": "",
      "window_title": "",
      "window_title_variable": "",
      "note": "BROWSE YOUTUBE",
      "break_conditions": [],
      "api_key_variable": "GOLOGIN_KEY",
      "profile_ids": "",
      "profile_count": "100",
      "profile_start_index": "0",
      "how_to_get": "Random",
      "action_type": "Youtube",
      "keywords_google_file": "C:/tomsamautobot/list_keyword_gg.txt",
      "keywords_google_variable": "",
      "warmup_websites_file": "C:/tomsamautobot/list_url_warmup.txt",
      "refresh_fingerprint": true,
      "remove_proxy": false,
      "proxy_file": "C:/tomsamautobot/list_proxy.txt",
      "enable_threading": true,
      "max_workers": "3",
      "browse_youtube": true,
      "youtube_main_area_x": "77",
      "youtube_main_area_y": "98",
      "youtube_main_area_width": "1593",
      "youtube_main_area_height": "938",
      "youtube_search_area_x": "466",
      "youtube_search_area_y": "212",
      "youtube_search_area_width": "1044",
      "youtube_search_area_height": "813",
      "youtube_search_icon_path": "C:/tomsamautobot/icon_search.png",
      "reload_browser_icon_path": "C:/tomsamautobot/icon_reload.jpg",
      "reload_browser_area_x": "49",
      "reload_browser_area_y": "39",
      "reload_browser_area_width": "138",
      "reload_browser_area_height": "100",
      "youtube_videos_menu_channel_path": "C:/tomsamautobot/menu_videos.jpg",
      "youtube_sidebar_area_x": "1561",
      "youtube_sidebar_area_y": "199",
      "youtube_sidebar_area_width": "149",
      "youtube_sidebar_area_height": "836",
      "youtube_ads_area_x": "94",
      "youtube_ads_area_y": "730",
      "youtube_ads_area_width": "263",
      "youtube_ads_area_height": "46",
      "youtube_skip_ads_area_x": "1320",
      "youtube_skip_ads_area_y": "805",
      "youtube_skip_ads_area_width": "50",
      "youtube_skip_ads_area_height": "22",
      "youtube_channels": [
        {
          "channel_id": "ch_1",
          "channel_index": 1,
          "enabled": true,
          "logo_path": "C:/tomsamautobot/logo_koolors_channel.jpg",
          "logo_home_path": "C:/tomsamautobot/logo_koolors_home.jpg",
          "main_image_search_path": "C:/tomsamautobot/logo_koolors_search.jpg",
          "sidebar_image_search_path": "C:/tomsamautobot/logo_koolors_sidebar.jpg",
          "suffix_prefix": "",
          "keywords_file_path": "C:/tomsamautobot/list_keyword_gg.txt"
        },
        {
          "channel_id": "ch_2",
          "channel_index": 2,
          "enabled": false,
          "logo_path": "C:/tomsamautobot/logo_koolors_big.jpg",
          "logo_home_path": "",
          "main_image_search_path": "C:/tomsamautobot/logo_koolors_search.jpg",
          "sidebar_image_search_path": "C:/tomsamautobot/logo_koolors_sidebar.jpg",
          "suffix_prefix": "koolors life",
          "keywords_file_path": "C:/tomsamautobot/list_keyword_koolors.txt"
        }
      ]
    },
    "is_disabled": false
  },
  {
    "action_type": "GoLogin Selenium Start Profile",
    "parameters": {
      "variable": "",
      "random_time": "0",
      "repeat_fixed": "0",
      "repeat_random": "0",
      "random_skip": "0",
      "program": "C:/Users/TUANKAKA/AppData/Local/Programs/GoLogin/GoLogin.exe",
      "program_variable": "",
      "window_title": "",
      "window_title_variable": "",
      "note": "",
      "break_conditions": [],
      "api_key_variable": "GOLOGIN_KEY",
      "profile_ids": "68f09c261a96ab3ba8a0abd1;68f09c241a96ab3ba8a0abc8;68f09bc81a96ab3ba8a0a830;68f09bc67af729bd30ac1662",
      "how_to_get": "Random",
      "refresh_fingerprint": true,
      "proxy_file": "C:/tomsamautobot/list_proxy.txt",
      "remove_proxy": true,
      "profile_count": "50",
      "profile_start_index": "0",
      "action_type": "Youtube",
      "keywords_file": "C:/tomsamautobot/list_keyword_gg.txt",
      "keywords_variable": "",
      "keywords_google_file": "C:/tomsamautobot/list_keyword_gg.txt",
      "keywords_google_variable": "",
      "keywords_suffix_prefix": "Tomsamfamily;Tom Sam family; Lan Mi Family;Lanmifamily;Koolorlifestyles;Koolor life styles",
      "headless": true,
      "enable_threading": true,
      "max_workers": "3",
      "youtube_main_area_x": "926",
      "youtube_main_area_y": "131",
      "youtube_main_area_width": "699",
      "youtube_main_area_height": "902",
      "youtube_image_search_path": "C:/tomsamautobot/logo.jpg",
      "youtube_sidebar_area_x": "0",
      "youtube_sidebar_area_y": "0",
      "youtube_sidebar_area_width": "400",
      "youtube_sidebar_area_height": "1080",
      "youtube_sidebar_image_search_path": ""
    },
    "is_disabled": true
  },
  {
    "action_type": "GoLogin Selenium Collect Profiles",
    "parameters": {
      "variable": "",
      "random_time": "0",
      "repeat_fixed": "0",
      "repeat_random": "0",
      "random_skip": "0",
      "program": "C:/Users/TUANKAKA/AppData/Local/Programs/GoLogin/GoLogin.exe",
      "program_variable": "",
      "window_title": "",
      "window_title_variable": "",
      "note": "",
      "break_conditions": [],
      "api_key_variable": "GOLOGIN_KEY",
      "profile_ids": "68f09bb37af729bd30ac15c1;68f09bb57af729bd30ac15ca;68f09bb71a96ab3ba8a0a7e1;68f09ba57af729bd30ac158b;68f09ba31a96ab3ba8a0a7c6;68f09ba17af729bd30ac1582;68f09b9f7af729bd30ac1579;68f096ff7af729bd30abe2d6;68f096fc1a96ab3ba8a06fb9;68f09ba71a96ab3ba8a0a7cf;68f09ba87af729bd30ac1594;68f09baa7af729bd30ac159d;68f09bac7af729bd30ac15a6;68f09bae7af729bd30ac15af;68f09bb07af729bd30ac15b8;68f09bb21a96ab3ba8a0a7d8",
      "how_to_get": "Sequential by loop",
      "profile_count": "100",
      "profile_start_index": "0",
      "refresh_fingerprint": true,
      "websites_file": "C:/tomsamautobot/list_websites.txt",
      "websites_variable": "",
      "how_to_get_websites": "Random",
      "duration_minutes": "6",
      "collect_websites_file": "C:/tomsamautobot/list_url_warmup.txt",
      "warmup_websites_file": "",
      "headless": true,
      "enable_threading": true,
      "max_workers": "3",
      "keywords_file": "C:/tomsamautobot/list_keyword_gg.txt",
      "keywords_variable": "",
      "proxy_file": "C:/tomsamautobot/list_proxy.txt",
      "remove_proxy": true
    },
    "is_disabled": true
  },
  {
    "action_type": "End For loop",
    "parameters": {
      "break_conditions": []
    },
    "is_disabled": false
  }
]