[
  {
    "action_type": "If condition",
    "parameters": {
      "break_conditions": [
        {
          "logical_op": "AND",
          "variable": "A",
          "value": "1"
        }
      ]
    },
    "is_disabled": false
  },
  {
    "action_type": "Mouse Move",
    "parameters": {
      "fullscreen": false,
      "x": "0",
      "y": "0",
      "width": "124",
      "height": "131",
      "click_type": "",
      "is_clickable": false,
      "fast": false,
      "click_min_width": "",
      "click_max_width": "",
      "click_min_height": "",
      "click_max_height": "",
      "variable": "",
      "random_time": "0",
      "repeat_fixed": "0",
      "repeat_random": "0",
      "random_skip": "0",
      "program": "",
      "program_variable": "",
      "window_title": "",
      "window_title_variable": "",
      "note": "",
      "break_conditions": []
    },
    "is_disabled": false
  },
  {
    "action_type": "Else if condition",
    "parameters": {
      "break_conditions": []
    },
    "is_disabled": false
  },
  {
    "action_type": "Mouse Move",
    "parameters": {
      "fullscreen": false,
      "x": "1859",
      "y": "1",
      "width": "60",
      "height": "87",
      "click_type": "",
      "is_clickable": false,
      "fast": false,
      "click_min_width": "",
      "click_max_width": "",
      "click_min_height": "",
      "click_max_height": "",
      "variable": "",
      "random_time": "0",
      "repeat_fixed": "0",
      "repeat_random": "0",
      "random_skip": "0",
      "program": "",
      "program_variable": "",
      "window_title": "",
      "window_title_variable": "",
      "note": "",
      "break_conditions": []
    },
    "is_disabled": false
  },
  {
    "action_type": "End If condition",
    "parameters": {
      "break_conditions": []
    },
    "is_disabled": false
  },
  {
    "action_type": "Mouse Move",
    "parameters": {
      "fullscreen": false,
      "x": "855",
      "y": "948",
      "width": "233",
      "height": "131",
      "click_type": "",
      "is_clickable": false,
      "fast": false,
      "click_min_width": "",
      "click_max_width": "",
      "click_min_height": "",
      "click_max_height": "",
      "variable": "",
      "random_time": "0",
      "repeat_fixed": "0",
      "repeat_random": "0",
      "random_skip": "0",
      "program": "",
      "program_variable": "",
      "window_title": "",
      "window_title_variable": "",
      "note": "",
      "break_conditions": []
    },
    "is_disabled": false
  },
  {
    "action_type": "Set Variable",
    "parameters": {
      "variables": [
        {
          "name": "A",
          "value": "2",
          "file_path": ""
        }
      ],
      "note": ""
    },
    "is_disabled": false
  }
]